codon_pair,count
GCATCC,134
GACTCA,78
TAGCCA,117
CCCCAG,558
AACCAA,216
TTTTAC,575
TGTAAG,58
CGCGAT,1056
CAGCTG,1166
GAACAT,606
ACTAGG,3
GAATTT,734
GTTGAG,665
GACAAA,954
TAAATC,418
TTGGGA,92
TGATAG,15
CTGTTG,868
CAATTC,331
GAATCG,188
GGTTCA,170
GCACGC,289
TAGCGT,172
ACCACG,591
CGCCCG,536
CTGAGA,137
CTAGCG,32
GGCTGG,733
TATCTC,339
TTGGAC,29
GGCGAA,1300
TCAACC,127
CGTCCC,159
TCGACT,56
TTTTCA,174
CCTTTT,153
TCTGTC,168
CTGAGG,75
CATGAG,216
GCGGCG,1382
TGCGCA,169
TAGTAT,14
AGTCAG,558
CCACCG,161
GGCGCA,754
GTCAGG,227
AGGTGG,50
AATTAA,379
AGATTA,36
ACGAGA,108
TCCGCT,229
AGCTGA,62
CACACG,235
CCCTAG,14
AACTGG,475
ACAGCT,108
CGACTC,170
TGATGT,74
GCACCA,215
CCAGGA,281
ACCCGG,358
AAAGTC,580
ACATAT,63
TTCGAT,955
ACGGGC,518
ATGCTC,494
CTCTGC,422
TTACTC,211
CTGGAG,811
ATACAT,249
TTAATT,374
AGACTC,111
TATCCT,102
GGAATA,215
ATTAAA,870
ACCGTG,638
CTGCGC,1713
CATGGA,173
AGGCGA,69
ACAAGG,54
GGGTAC,68
TGCCAA,164
ATAGTT,311
GCACCG,414
CCTTGC,66
GCTTAT,327
CTTGCA,146
ACGCTT,458
TCACGA,28
CACACT,140
CACCTA,9
CTTCGC,417
TACCTC,151
CTTACC,399
AGTTGT,80
TATTGA,56
TCATGT,22
TAAGCC,188
CGTAAA,722
TACAAC,355
AGCTCT,71
ATATCA,51
TCGGGC,108
CGGTGC,436
TGCCGC,858
TCGTCG,78
GCCAGG,330
TCCTGT,141
CGGAAG,155
TGAAAG,147
CCCAAA,161
AACCGG,480
CCCGCA,181
ATAACT,194
TTGGTC,168
CTCGGC,779
ATCGGC,1458
AAGCAG,707
ACGTCA,80
GGAGGA,100
CGGTCT,30
TAAGTT,95
GCTCAC,277
TGCCGT,389
TAGGCA,9
TGGCGT,613
CCCTTG,183
ACAGGA,149
AAACCT,196
TTGCAC,342
CGGACA,129
GTGGAT,597
GGTTCG,266
AAAATC,1125
AGCAAA,809
TACAGT,168
TCAATC,94
ACGCCA,631
TATATG,273
AGATGT,58
AATACC,1029
TATGAG,183
TTACGT,250
TTACAA,208
AACAGC,603
AGGCCC,42
GAGGAT,513
ACTTTA,88
AATGGC,1057
GTTAGC,474
CTAGCA,15
CTGGTA,770
GAACTA,77
CTGCAG,530
TTGAAG,119
CTAGAC,3
CTTAAA,313
GGCTAA,200
TCGTAC,46
GCCTTC,1076
AAGACG,228
ACCGCT,700
GCGAAA,1074
TGACGA,57
AAGTAC,163
AAGTAA,193
TTTCAC,891
ACGGTA,385
AGAAAT,298
TTAACC,387
CACCGT,534
GGTGAG,603
CGTGGA,205
AGCATC,541
TTCCAC,692
ATCATG,569
TTTTGA,176
TATTTA,194
GCGCCG,542
GAGAAA,779
TCGGTC,133
TCAACG,139
CGTTTT,981
CGTACA,119
TAAATT,197
GTCACC,659
GCACAG,520
GGGACG,142
ACAACG,164
TTATGC,111
GTATAC,96
TGAGTA,58
CCTGCT,147
ATACGC,229
GTGAGT,258
AGAAGT,116
AGACCT,24
GTGAAA,843
ACCGGC,1048
AAACAA,604
TGACAC,53
AACGCT,400
ATCTAC,405
GTTAAC,797
GAATTG,310
AGAGAG,259
GATTCT,143
TAATAT,103
TGGAGG,37
GCATCG,146
CACGTG,43
CATAGC,209
TGGTAA,117
TTCTGC,887
GTAACA,120
TGCGCC,829
GAACCC,204
TTCATG,496
CCGTGA,57
TGTGCA,105
GGGCTG,821
AGGAGA,48
GACAAC,549
ACTTAG,47
TAGTCC,29
AATGTA,283
CGAGAA,257
CATGTT,396
CGAGTA,80
TTAGCT,91
CTTAAC,388
TTATAG,13
GCTCGT,203
GGGTTT,268
TAATGC,372
ACCTCT,153
GCCAGA,434
CTGTTA,407
AGAGGT,165
CCTGTC,133
TCCTAG,8
CTGCTG,2558
GAGTGG,323
CCATTG,286
TCGCCC,141
CATTCC,339
TATAGC,168
TTGCCT,153
GATGCT,614
GTAGAA,519
TAGGCG,13
GTTATG,358
TTGAAT,330
CAACTA,58
AGCCGG,222
GCCTAA,231
CTGTCG,365
TTGCTC,655
TGACTG,134
TGGCCC,164
CCTCAT,76
GCATCA,119
ATGTGA,64
GAGTCT,110
GGTCTT,205
TTATCC,96
ACGCGC,864
ACTAAA,254
TACCTA,7
GGTAGG,69
CAGAGC,560
GTTTTG,469
TCAGCA,149
GCGAGC,309
GTGGTG,1097
GATCCG,600
TTGATC,481
TCCTCT,68
CTCGTT,293
TTAGCC,172
GCTAAG,217
ACCAGC,736
TTCCCC,281
ATGGCT,512
GTGTAT,177
CGGGCC,344
ACTGGC,715
CTAGAA,24
GAGCCA,196
CGAGGA,63
GTATCG,91
GAGCTG,1070
TGTGAG,98
ACACCC,71
CAGCCT,186
GTCGGC,880
AAGTGG,144
TGTCAT,196
ACCTCA,95
CGCTCC,210
TCTACG,66
GTCCAT,374
TGTTCA,74
GACTGG,533
TAGCTA,3
ATCTTG,176
GTACAG,508
TCACAC,55
AGGTTA,21
ACGTCT,68
CGAGAC,104
ATCAGA,218
TGTAGA,43
TCTAGG,1
GGACGG,136
GCCTAG,20
TCGCGA,65
AAACGG,544
GCAGTC,265
ACGTAA,272
TCGACG,145
CGGCGG,388
CCAAAC,142
TACCAT,249
AACGAC,530
CACATG,275
GTACTA,30
CCGTCT,116
GGAAGC,238
ACGCTC,687
TATGGG,80
TGTGCG,204
ACTGGA,175
GAAAAG,422
CGGAAA,256
CTTACG,268
AGGAAA,123
GGCTTC,1090
AAGCTC,278
TCGTCT,50
TGCGAT,390
CATCGC,1195
ATATCT,68
CCCCCA,125
TTACGC,391
TGTTCC,143
TTCTAT,278
CGTGGG,159
TAGTCT,9
GCCCTT,212
GGTGCA,404
CAACTG,1082
AAGCAA,404
AATAGG,94
CCATAC,150
CCCTAT,91
ATGTTG,554
CGCACC,853
GCTCAG,592
GCTGAA,1069
CAAGGA,126
AATAAA,1164
ATGTCC,228
GCCTCC,195
GACAGA,179
TGCTAT,134
ATGAGC,468
AAACTC,695
CCGGAC,310
ACACCT,90
GCCACC,864
TAATGA,143
ACAACC,221
GGGCCG,231
CAACAC,446
AAGGGT,180
TAAACC,266
CCTGCA,141
ACGAGT,129
GGGTGT,90
AGACTG,177
CTCATG,180
CGTACT,204
GCAACT,146
CTTTAG,40
GCGTCA,116
ATTTTA,259
AATGGA,252
TGCAAC,259
GGGCGC,299
CTGAAC,851
CGCGTC,635
AGACGC,137
ATGTAA,133
GCGGCA,856
CGAGCT,93
GGGCGA,131
CCAACC,296
CCCGTA,125
GCGCTG,2560
GAGCAT,543
TAGTTT,69
TAACAG,404
GTCTTC,611
TTCAAC,952
GTTTAC,348
CGCTCG,169
GGTCTA,24
CAATCA,87
GTTTAG,72
TGCTCT,79
CTTATA,108
GGGTCA,32
ACACTG,331
GTTACC,714
ATTGAT,1121
TACTAC,222
GCTAGA,2
AACCAG,1181
GGGCTC,32
GTAGGA,95
TATCAA,282
AGACCC,27
CTGGGT,899
TCACTA,62
CAAGAA,272
ATGATC,645
AGCGCA,246
GACATT,477
GTACCG,269
CCGTTA,242
GAGGAC,138
CGTGCT,287
AAGGTA,164
TGGATA,159
TCCGTG,151
CATAAA,786
TGACGT,77
ACATGA,29
GAAATG,773
AAGGTG,213
GCAAAG,217
TGGTTA,204
GGGATT,464
CCTAAA,85
AGATAC,66
TCGGTG,311
TTGCGT,506
CCCGAG,158
GGGATA,168
AATACG,688
GGTCAA,272
GTGTAA,100
ATCACA,177
GCGACT,235
TCGCCT,75
GGTTGC,401
AAAAAA,965
CAATCG,153
AGTTTC,335
TGTTTA,58
CGAGCG,155
GAAAGC,610
TGTATG,121
AATTGC,417
TTTTAT,462
GTAGGT,329
GGAGGG,73
GGAAGA,154
ATACTT,145
GAACAC,476
GATCCT,169
TCTGAG,87
AAACAC,546
ACTTAT,151
GAATCT,162
AGGGTA,50
CGCGGG,254
CTATAA,12
GCAATG,506
GATCCA,385
TTTTTT,1048
GTCTGT,143
GATCGC,844
GAGGAG,154
AACCTG,1181
CAAGTG,124
GGAGAA,439
GTGGCG,1076
CAATAA,287
AGTTTG,250
AACGGT,876
CTGTGT,218
CCGCGG,68
TCTGCT,166
GAATTA,295
GCCCTA,20
AAGGCA,144
CATCGA,282
GCCGGG,690
TGGACT,85
TCACAA,145
TTAACG,294
TTTGGG,166
AATCAA,627
GGGACC,70
TGAGTC,80
CGCAGT,440
GTTAGT,204
TCTCTT,107
GTTCAA,144
GCCCGG,461
GGTTGT,211
CGAGCC,142
GTATAA,57
GCGGGC,898
AGCTCA,32
ACAGGT,283
TAGCCG,36
GACGGA,193
AACGAG,247
TGGCCA,161
GGAGAC,175
CTATCC,21
TTACGG,83
AGTTGA,54
GCACAA,394
GAGACC,68
CCCCGG,205
GGCACT,338
ACGGTT,503
TGTCGT,122
GTGCTC,399
TAAACG,223
GGGGTA,137
TCTATG,97
GTACCC,93
ACTGTC,309
ATTGTG,528
CTTGGC,379
CCGTAT,212
ATGTAC,250
TCAACA,102
TCAGGT,127
CGGTAA,346
ACGGAG,108
TCTCCC,50
ATGAGG,87
AGAGCC,110
AACATT,515
ATTGGC,1148
ATACCT,33
GACACC,567
GTCGTA,326
TGCTTG,118
CAATAC,331
TATTAA,81
CATCCC,490
CCATTT,393
GGGCTT,237
GACGGT,666
CGGATG,540
CAGAAG,269
ATCATT,748
AGGTAT,50
TCGGCT,110
CAGCTA,132
GGTTAC,442
TCAGGG,72
TCTATT,183
CACAGC,305
GGCGCC,35
CACTAC,336
AAAACT,399
ACCTCC,166
AGGATG,150
TGGGTG,312
TCGTTT,237
AGTAAT,363
GAGGCC,242
AACAGT,306
GTACTT,189
ACCCTT,163
AGCCGT,388
GTGCCG,504
CTATTG,79
GGATAA,133
CGCTCA,81
CGTTTG,428
TCCGGA,132
GTCCCC,90
CATACC,582
TGATCG,7
GCACAC,161
TGTCTA,5
GAATCC,315
ACGTGT,78
TTTGTC,916
GGCTCT,101
AGGCGT,159
CAACGT,557
ACATGG,89
TCTACT,49
AGGTAA,135
ATCGAG,651
AGAACA,85
TCGGGA,68
GGCTAT,487
GTGTTA,196
TGTAGG,20
CATAAG,118
GAATTC,373
CCTTGT,36
CGGCTC,346
GGAGCG,203
ACTATC,276
GGCAGG,279
AGCGTT,386
TCCGCG,215
CGGGTT,637
AATTCG,163
TCATTC,104
GTCTGG,514
CCCATG,94
GCAGAA,916
GGGGAT,251
ACTCGT,107
GTAGCC,436
CCTCTA,15
CGAATA,93
AAAGAG,911
CGAATT,148
CCTGCC,262
GATCAG,1144
GAGGCG,433
ATCAGC,949
CCCCCG,61
GCGCAA,870
TGACAG,158
CTCACC,607
CAATGA,129
GAGTGT,148
ACGTAG,74
CAATAT,312
ACAGCG,219
ACATAA,62
GCTGGC,1138
AAATTA,296
ATAATC,468
AATATT,1016
CGCCTT,301
CACCTT,242
CTGTGG,556
TACTCC,153
GGCATG,682
CATTGC,500
TTATGT,65
GTTCTT,245
AAAGGC,1123
TCGTCC,71
TGTAAA,165
GCGTCT,130
TCGGGT,142
ACGATA,287
GGCCAT,379
GGTGTG,564
TTAAAG,99
ATCCGC,991
CCACGT,125
TAGCAC,86
GCCAAA,1202
ACATAC,89
GCCGGT,1080
AAAACC,1241
GCCGAG,774
CTTAGT,82
CGCACT,320
TATTTC,400
CTGAGT,379
TCGGAC,47
CGTCTA,34
CAAGCT,127
CGGGTA,311
TCTAGA,7
GCGCCA,515
CCCTTT,421
AGTGGC,333
ATAACC,591
TGCGCT,236
TTATCT,89
CTCTAC,329
TACTAT,135
TCACGG,40
GGCTTG,323
ATCGCC,1903
AGCAAG,288
CGCATC,1072
TCCAAT,110
CGGCAT,546
CTCTGG,317
AACAAA,776
CGTTCA,111
TGATCC,37
AGCCGA,106
AGGCCG,51
GCTCGG,124
AGACTA,10
CGTGCG,491
AAGTCA,58
AGTCAA,100
CATCTG,957
CTTGGA,68
AGCGGG,235
CACTCC,142
AGCCCC,113
AGCGTG,392
TGTGAA,198
GCTGAC,804
TATCTG,742
TCTGTA,102
ATGGTT,476
CGCCGC,1397
CTAACG,53
TTTTTA,293
GATAGA,196
AATCCA,341
TAGGTC,15
TTCCGT,568
CGCTGA,177
GCTTCG,161
TTTTCG,216
GAACTG,1683
TCCCCA,200
CTGTGC,538
CTTAGA,33
TTAAGC,343
ATCTAT,269
AGGTCC,28
CGCATG,467
CTCCCA,119
CCAGTT,510
TAATCG,72
ACCCAA,226
CTGGGG,544
AGAATG,97
CCTTCT,112
ACTCGG,53
AATGAT,776
TAGCAA,86
AAAACG,949
TTTGCG,789
TGTCGA,73
CAGCCC,837
GGGTGG,58
TCTGCG,251
TGTTAG,38
CGACCT,38
TGCGTA,172
GATCGT,375
ACCGGG,457
CTGTAA,362
AAGATG,354
ATGATT,637
ACCTTT,943
TATGGT,290
AGAGCA,83
ACATAG,25
TGAATC,124
ATTAAC,710
TTCGGC,961
GTAGCA,202
GTGGCT,409
CCTAGA,5
GGATTC,331
TTTCAT,840
ATGAGT,325
TTATGA,34
ACCTGG,575
ATCCGT,472
GATGAT,1216
GGCAAC,957
CTACCG,141
AGTCTT,87
CGTTTA,191
GATGCA,439
TAGTCG,17
GTGCGC,606
CGAGCA,87
GAATAC,429
GCCGAC,854
CACTTA,31
TCTGAA,290
ACGCGT,533
CAGTTT,1483
CTAAAA,169
TAATGT,172
GGCAAT,1417
CGCAGG,298
CCGATA,120
CACTAA,181
CATATC,841
GACGAC,464
ATCACG,572
ACGTGA,85
TTCTGA,226
GATTAG,48
ATAGGC,338
CGCGAA,760
AGTTAC,182
CGCATA,310
TTGACT,124
ATTCGT,509
CACGCC,1115
TTGAGA,63
GCAAAC,327
GAACAA,715
AAGACA,76
TTGGCA,159
CATTCA,66
ATTACT,392
TTAGTT,119
TTAGAT,152
TTTGCT,749
CAGTCT,151
GCCCAA,224
CATCCT,131
TACTAG,4
CCATAT,75
TTAAGA,59
CTTTCT,287
AGGGCT,58
TGAAGT,66
TGGTAG,59
CTTTAT,288
GTTTCA,146
AACACG,325
ACGACC,507
TGCAGA,163
TAAAGG,84
TGTGTA,74
ATGACT,272
AATCGC,1071
GAGGGT,225
TTAGGA,61
GCGCGC,876
CAGGAG,410
TTGTCA,92
ATACCG,90
CCTTAC,113
TCCAAG,65
CTTGTG,99
GCGTTT,1040
AATGCA,298
TACGAA,283
GAGTCC,116
TAACCA,197
CGTGGT,597
CAGGGC,1057
GCTGCA,349
AGTTGC,183
CGCTAA,238
GAGATA,343
GCCGCC,1528
CTTTGT,139
TCGATG,275
ACTAAG,77
GGCTCG,144
GCCTTT,1146
AATCTA,55
TGCGAC,302
AGATGG,56
TCGGTA,174
ACCCCT,73
TAATAC,188
ATTTCC,386
GTTGGC,881
GACCGA,141
GACTGT,128
CGGGGT,217
CAGGCT,967
TGGTTG,296
TCTTAG,12
CTTGTA,104
TGGAAC,231
GAACAG,1268
ATCCCT,188
CGGTTA,92
AGACGT,86
GATTCA,117
GCATAA,118
TGTGAC,163
AGCCCG,311
CGGACG,455
CTAAGG,7
ACATCG,70
TATAGA,38
CAACAA,694
GCTCCG,173
TGTTGA,81
CTACAG,102
GCTATT,487
CCCCTG,429
ATCCTG,1161
TGAAAC,139
AAACGT,579
AATGTG,396
ATCTCC,347
CATACG,334
GGAGTA,143
AGGCAA,158
TATACA,50
TCGAGC,49
AGGGGG,27
CCGAGG,17
TGTTTC,288
CGACCA,162
GTCAAT,604
ATCCGA,95
CCGTCG,139
TAATTG,167
GTCATA,385
CAGGAA,1395
CGGCTT,273
GCTGGA,315
TAGGGA,11
TTACCG,361
CTATGT,17
TTGCCA,489
CTCGAC,616
GTAGCT,261
AGCATG,291
CGAACT,87
CAGATT,975
ACGATT,351
GGTCCA,197
GCTTTC,636
CGCTCT,114
TGCCAT,546
CAATGG,285
CTGACC,1468
CTGTGA,109
ACTCGA,28
GAACCT,147
TATATA,83
GGTTTA,287
TCATAG,12
TTCATC,1334
GTAACT,180
GTTCTG,695
GCTCTA,31
CCTTCA,92
TCGTTG,237
CATTTC,821
CCTACA,26
ATGGGA,224
ATTAGG,64
GACGCC,845
CTATAT,44
GCTTGA,41
GGAACG,301
AAGGGG,78
ATCAAT,1128
ATAAGT,165
TGGGAA,364
AACCGC,781
TTTCCA,341
CGTAGT,154
ATCGAA,958
GGTAAT,942
TGCCTC,229
TTTAAG,283
CTTAAG,185
TAGCTG,115
GGTATA,374
CACTGC,375
TCAATT,113
GAACTC,500
CGGCGC,635
TTCCCT,140
AGAGTA,103
GTGTCT,77
CGCTAC,496
TAGCCC,91
TAGAAG,12
CAATCC,198
CGTTAT,461
GCGTTA,474
GGATGT,79
TTAACA,93
CACCTC,292
AAAAAT,896
ATTATC,993
CAAAGG,64
AAAATT,758
GCGTAA,326
GTCCTA,5
TATCCC,183
GGACAC,94
TCAATA,54
GTTCGT,258
AGTTTA,93
GATTGG,157
TTCACC,1199
GACCCT,53
CGGAGC,176
GACTAC,322
GGGGAC,71
GCAAAA,691
GGTCGA,133
TTCAGA,339
ATAAGA,145
TAGTAA,43
TCTTAT,136
AGCTAT,262
GCGACG,674
GTTTTT,787
CCGGGG,208
CGTCCA,250
GTTGCA,257
ACTGTG,194
CTCAAT,715
TACCCC,147
TACCTG,621
GTTACA,137
CATATG,443
GAGGTC,209
CGGTAG,126
TTCCTT,276
TATTCC,221
CTCCTA,1
GCTTGG,73
GTTTTA,145
CCCGCC,442
CCCTGG,194
ACCAAA,1047
CACATA,255
TGGTCC,80
AGGTGC,125
CTTGCT,280
ATTATG,576
TCTCAC,116
ACATCC,86
CAAAAT,624
GACGTC,443
CTGACT,516
CGTACG,226
TCGTTA,128
GCCCAC,397
GCCCTG,1095
GAGTTT,628
CATGGC,530
GCTCAT,477
GTATTA,199
TAGATC,54
GCCTAT,315
ATGCTG,1434
TCATGC,82
ATGAAC,536
AGTGGT,353
GAAAAT,975
AGATAT,65
TACGGC,547
AGCCAC,337
GTCACA,149
GGGAGG,34
GCAATT,412
TAATTA,14
GCTACC,411
TATGAA,394
GTAAAT,372
GGATAG,25
GACATC,715
AGAGTT,110
ATTAGA,88
AGGATA,98
TGACAT,143
TACTCG,109
ACCAAC,721
CTAGAT,18
CGACTG,429
CTTTAC,196
CGTACC,636
GCGGTC,521
AACGTC,653
GGCATT,1145
TTCTTA,66
GCTCTC,227
CCAATG,228
AGCAGT,263
TTGCAG,1339
CGGCGT,690
TAATGG,134
AAATTC,680
TCTCGC,136
GGCGCT,758
TCGAAT,99
TGAGAT,73
CTGACG,1345
CCGAAT,192
GGTTAT,543
TTTTGG,250
CACCTG,918
TGAGAA,109
CCTAGT,4
CTAGAG,12
TTCGCC,1287
GTAGGC,275
GCACTT,175
GCGCTT,558
AACCTC,288
ATCTAG,13
TTCCGC,1158
CACGAA,355
GCTTAG,78
CATGCC,732
TGTTAA,95
AGGCCA,104
CGAGGG,40
AGCAAC,530
CGATCA,21
GGCACG,481
ATTATA,139
TCAGAA,225
GTATGT,62
CCAAAG,109
GTAAAG,200
TGCGGG,176
GGGGCA,163
CTCAAA,459
TGCGCG,368
TGGGTT,274
CATATT,699
GTGGTT,572
GCCTGG,792
ATAAAT,480
GCCGAT,1416
TCCCTC,82
CTAGGT,15
GATAGT,303
CATGCG,495
GGCCGT,236
CCCAGT,56
AGTTCT,72
ACTTAA,214
ATAAAG,271
TGCCCC,173
CTCCCT,65
GCTGTT,578
AGGTCG,33
GAATAA,202
CCTATC,88
GGTAGA,163
CCAAGC,61
AGGTCA,9
GTAGAG,290
TGACAA,98
AAGTGC,172
CTGGAC,598
TCTTCG,85
GGACTG,344
TCCACT,154
CATCAA,532
ACTGCT,257
GACGCG,562
TGGAGC,179
GACATG,342
AAAGGG,412
TTCCAT,793
TTGTCT,84
CACTGG,386
GGGTAA,169
ATGGTC,391
AATAAC,752
TTCGTA,332
CGCGCA,380
CTCTTT,1022
CGATTA,73
GCCTTA,144
GGAACC,329
TAGACT,7
AATTAG,85
CGTGTG,242
GCTCGA,49
CGGACC,255
GCAAGG,82
CGGTAT,109
CTGACA,390
TAACAA,203
GGCGTT,1136
AATTCA,88
AGTCCA,87
CGTGAC,482
ATCCCC,259
GTCCAA,43
GCCCGA,123
CCCCGA,56
TCCTGC,241
AGGTAC,69
GCACCC,63
TTTGAG,439
CTCAGG,139
GAAGAT,1337
AGCTCC,100
ATCTAA,142
GGCCCG,357
CCCGTT,249
AGAATT,107
TAATTT,262
CGGGTC,372
TGCCCA,216
GCTAAA,552
GGCCCT,60
TTTAAA,857
ATGCGA,155
CCACCA,231
CAACCC,247
AGAGGG,55
ATGGAT,630
GACCAT,421
AGGGAT,168
CCTGTT,165
ACTCCG,124
CACAAT,591
AGTCCC,70
GAGTAT,233
CAGTTC,1839
CCGTCA,137
CTTACT,156
TCCATT,244
GTCTGA,84
ACATGC,54
AGCGGT,621
GCGTAG,132
GCAGCC,447
GTCTTA,65
ATCAGG,268
CGTTGG,273
GAAGCC,1108
GAACGC,791
CATTAA,384
ACCAGA,279
TATCAC,275
ACAACA,113
GCGAGA,164
CCAATA,67
GCAGCA,422
ATGTTC,650
TCTACC,150
TTCTTT,1153
ACTTGA,37
TCGTCA,55
CCCCTT,110
GTGCGG,303
ATATCG,82
TCGTAA,60
TGTCAA,73
CTCTCC,336
AGCGAG,340
CAACCA,316
ATGTCG,302
CGCAGC,733
GGCTCC,178
TCCGAG,119
TCATGG,101
GACCGT,420
TTCATA,438
TCCAGT,173
CGGTTT,648
ACAGTA,111
AGCTGT,112
CCAAGG,16
GTTCCG,282
CTACTC,60
GGTTTT,1175
AGTATG,212
TATGGA,75
AGCAGG,165
GACAAG,206
TCGATT,221
GATTAT,498
CCAGAC,504
ACTTGC,115
CGTTTC,814
GTCGAT,1320
TTATCA,101
TGTCGG,148
CTACAA,140
GTTTGC,316
TGATGA,101
CGACAC,157
TATTGG,84
CGTTCC,271
TGAAAA,139
GTCCAC,233
CCCTTC,484
ATAGTG,213
AAGTGT,113
CAAGCG,282
TGCGGA,192
TCCCTA,11
GGGTGA,51
ACTGTA,173
GGCGGG,436
ATCGAT,1088
AACTTG,160
TACAGA,106
CGGCAG,1090
TGTTGC,194
GCAACA,203
AAGTTC,321
CTAGGG,11
CGATGT,76
TACAGG,83
GTAAGG,140
AGATAA,103
GAGATG,619
CGAAGT,81
CTAATT,61
GTACGG,175
ACGCAC,587
CCTAGG,1
GTAGTG,340
TAAGAT,72
TACGCG,414
GTTACG,487
TGGGCA,206
GTGGGG,190
CCGGAA,943
GGTTTC,1078
GTCGTG,384
TTGTGG,355
AAAGAT,1030
AGTCGC,245
CGGTTC,506
CCGCAG,744
CTTCGG,174
TAGTGC,93
GTCAGA,303
GTGTTG,450
GAAGAC,633
CGCGGC,943
ACCATT,865
CAGCAC,1775
TGTCCC,82
TCGCCG,251
TCCGGT,576
CGCGTT,635
GGAAGT,173
GAGAAC,315
ACGCTG,1875
TTTCGA,169
ATCCAT,726
ATGATA,216
GAATAT,489
CTAACC,94
AAGTCT,66
CCTCCA,30
GATTTT,1128
ATGGGG,336
TCCCAC,127
ACCGGA,576
GCATGC,55
AGTGTG,158
GTGGAA,702
TATGTT,206
CAGTAA,564
TACTGC,291
AAGAAT,383
AGCTAC,244
CACGCG,610
TGAAGG,88
CCCAGA,37
TTTTGC,706
CCGGAT,584
ATGCGG,308
GCCATT,1180
TCGGAG,49
TTATCG,161
ACAAAG,102
CCTTGA,17
CCCGTG,155
CTTAGC,237
ACTTCG,76
GTGCAC,177
TGCGAG,147
AGTACG,272
TAACGT,238
CTTTCG,192
AGTCGG,163
ACAAAT,224
CTTTCA,148
CCATGA,91
TTAATC,312
CAGCAT,1442
TTCTCA,122
AATGTT,552
ACCCTG,775
GGGAGA,50
AAAAAC,786
ATGCAT,372
CCCTTA,44
ACACTC,166
CGCCAT,1248
ATACTG,349
CGTCCT,85
CCTGGG,63
TTACCA,129
GATCTC,843
TCGCTT,186
TGGGAC,132
AATAGA,201
TTAACT,147
GCCGTG,627
GACGTA,254
GCTGAG,322
CCGCAC,296
CCGCCG,383
GTTAAA,772
ACTTTG,232
CCCATT,196
GCTGAT,990
ATCTCT,219
AAGATA,225
ACATGT,42
AATTAT,254
GGTACT,301
CAAGCA,113
TCCCGT,213
TTCGCA,253
CAGCGG,1483
CTCCAG,861
CCTAAG,30
ATGTAT,230
AAGTGA,90
CGTCTC,273
TACAAG,90
TCGAGA,20
AACATA,267
GATTCG,172
CACAGA,93
ACTTCC,167
AAGAGC,164
AAAGGT,836
TAAATG,157
TCAGCG,138
AATGCT,441
ACCTTG,284
TGAGCA,43
GTAACC,456
TAAGCG,134
GAAAAC,916
GAGTAG,65
CCCAGC,211
TCCCAG,371
TGCGGT,466
GGTCAG,1335
TCCCAT,215
TCCATG,155
GTCCCG,112
AAACAT,588
ATCTTT,1064
GGGCTA,90
CCGCTA,146
CCACGA,93
TTGGAT,158
TTTGGC,1107
CAGGTA,633
CGGATT,430
TTGTCG,220
GAAATT,891
ACAGCA,176
GGGTCT,28
CTTCTC,306
AACCGT,540
ACCCAC,425
CTGAAT,1198
CGTATC,590
TGAGTG,42
GTAAGC,335
TGCCGA,193
ATTCCT,235
CACTGA,99
GTACGA,47
TTGGGC,206
AAATAC,478
GATGTC,768
GGCAGC,882
CGTTGC,413
AACCTA,23
TGAATG,68
TATGAT,250
GTGCCT,109
AACTTC,791
TCACTT,105
CTTCAA,136
GTGCTA,85
ATGGCA,538
TTGGTG,194
GTGAGG,45
CGGTCC,108
TGAACG,118
AGGTCT,16
AAACGA,213
TCCGGC,781
TGCTGA,128
GACTAT,263
GGCGTA,727
CACGCT,407
CAGGTC,808
ACGCCG,662
GTTGCT,531
CTCCGG,350
AACCAT,482
GATGGC,1120
CAAATA,252
GTGGGT,431
ACTCAC,231
TCCTGG,254
AAATCC,402
CTAGGC,20
ACAGCC,272
TGTCAG,414
TTGACG,223
CTACTG,171
CTTAAT,419
TGGATC,370
TTTAGG,83
TGTCAC,163
GTTAAT,722
GGTCGC,663
AAGTTT,361
TTCCGA,156
TTGCTA,79
CTTCAC,307
TTTGGT,1105
GGGGGG,37
GAGCGA,197
CACGGT,651
ATTGCG,876
GTACGC,258
TCATCC,55
TTCGAC,683
CAGACA,305
CGACGT,140
GCCGCT,824
TTCTAG,20
CCATCC,117
CCCCCT,30
ACCCGC,892
GGCAGA,313
TCATAT,56
AGGGAA,125
GAAGGG,526
TATGAC,348
GGGGGT,81
CGTTGT,179
ATCTGT,184
CATTAC,431
CGTCGG,321
CGATGG,100
AGTATA,56
TGCAAA,278
GCGTCC,231
CCGAGT,55
AAAGTA,338
GTTGAA,945
ACAGTG,145
AACATG,420
CACATC,755
GGCTGA,116
CGCTTC,1422
AGCCCT,47
CTTTTT,488
CCATGC,272
GCCGTT,1017
ACTTGT,48
GTTCAC,387
CCCGCT,226
TAAACA,57
TCATCG,90
AGAATA,87
TGACTC,109
TCGAAG,49
CTTCTG,310
TCGTGC,109
AGCTTG,131
GCTTTG,371
TCCTCC,102
TGCGTG,232
CACGAG,124
CCCTGC,252
TGTACG,135
AACTGC,283
CCTTCC,102
TCGTTC,166
AACTTT,581
TCTTCC,151
CTGCGA,282
TTCGCT,735
GAGTCA,92
ACGCGA,197
ACCTAC,310
GGCGGT,1242
CGCTGG,610
CCTCAA,49
GCAAGT,114
TTATAT,117
CGTAAG,271
TTAATG,368
AAACCC,272
TCCCGA,63
ACCTTA,154
GGAACT,116
AGGCGG,90
TCTGGA,65
GACCCG,404
TCTTTA,81
GCATAC,87
ACTGAG,181
CAAATC,620
TCGCGT,219
AGTCTC,99
ATTTTT,910
GTGGCC,248
TGTTTT,385
AATCTG,909
AGGGGC,85
TCCTTC,311
GCCCGC,942
GAAAGG,147
AGCAAT,709
CCATGT,94
GCCTAC,277
GAGTGC,191
CGGGAT,568
TGCGTC,251
TTTTTC,1477
TCCGCC,337
TAGATA,40
GTGTTT,486
GTAACG,461
GATTAA,275
CATGGT,554
AGTTCA,83
GAATGG,390
CCCGAT,328
CATTTT,736
TTAGTG,171
ACCACA,251
AAGGTC,175
GGCAAA,1588
GCAGGT,536
TGGCAA,495
GTGCGA,115
ACTGGT,350
AGCTTA,62
CATGAA,450
TTAGGG,123
CCTTGG,26
CATGCT,311
TGATAT,46
ACAATC,142
AATACT,302
TATGGC,402
GCATAT,105
TTTATC,1497
GATGAC,837
ACGTGC,235
TTGCAT,465
CTGTCA,173
TGGGCC,171
CTACTT,69
CTAATG,64
TGGCGA,255
ACCGCC,1351
CTGTCC,186
GTCCCA,149
ATGACA,235
ACTCGC,228
AGTAAG,166
GCGTTC,766
GTTTCG,168
ATAATG,266
TTTCTC,768
GAGAAG,257
CAAAAA,722
AACAGA,232
AACTCG,153
TATAGT,52
GACTAG,11
CATTCT,107
CGTCAG,1250
AGGTGA,51
ACATCA,82
ATAGCT,236
CTATAG,2
CTGCTC,1038
GTATTT,483
TAACAC,222
GTCGCA,256
GGCCTC,255
CCGATG,489
CATGGG,90
GCATTA,350
CTTGAC,182
AACCTT,249
TCCGAT,237
GTGTCG,141
TCGCAC,111
AAGCTA,65
ATGCTA,83
ACAAAC,140
TGCCAC,457
TCGTGG,98
CACTCG,130
ATAGGG,120
CGCTTG,283
TGGCAT,421
GCGACC,672
ATATTT,519
AGTGGA,132
TAGCAT,92
GGGGCC,148
GCCGTA,593
AATAAG,312
TGGTGG,250
CCACAG,647
AGTTGG,131
GTACAA,178
CTTGAA,413
CTGAAA,1505
GCGTGC,279
AGTACC,302
CTGCAT,961
ACTTTC,391
CCTCCC,31
GGATTA,210
TACGAT,350
GCGGCC,357
TACGTG,191
CTTATT,337
CATAGA,90
GTCAAG,168
CATGTA,208
TACATG,199
GAGGCT,209
GGCGGC,1565
ATGAGA,102
AGGGAG,56
CTCTCT,242
ATTTAG,75
ACACCA,174
TAACCC,201
GACGGG,215
GATAAG,489
CGATGC,174
GTACCA,192
CCGACA,170
GTATCC,117
TCCCTT,90
CTTGAG,335
AAAGTG,903
TAGCGA,80
TGTACT,74
AATGAC,715
GGTCGT,479
GAGCTA,88
GTGTGA,56
GGTCCT,54
ACCCCC,76
ACTGAT,461
GACATA,257
GTGCTT,269
GGTAAA,1374
AAAGGA,256
ATTTTC,949
GATCAT,706
TAAGTA,39
GCCTGT,360
ACACTA,51
ATCTCG,167
TAGGCT,17
TACGGG,121
CTCTGA,82
GTCGTC,454
TCTTCA,90
GCGTAC,287
AGGAAC,138
GCAAGC,194
CGATCG,32
GGCGGA,389
GACGAG,288
CGCAGA,270
AGATCC,27
ATAGAA,301
CGTTCT,181
GGTTCT,262
GCATCT,102
CTCCTT,120
GGCTGT,253
TTGTTG,655
ATACCC,146
TGGGTC,181
CCCTAA,109
TACTCT,88
AACGAT,798
CGCTAG,24
ACGGCG,797
TGGCAC,302
TATAAG,109
GCCAAC,911
TCTTCT,115
CGATGA,93
AGCACC,444
TGCGAA,277
CCTCCG,46
TGGCGC,528
AGAAGA,153
CGTGAT,534
ACGGGT,467
CTACGT,114
CGCGCG,659
GCGGGA,407
TGGCCG,277
GTTAGG,79
CCTGAG,124
TTACAC,90
CAAAGA,125
GATACT,288
CGTGGC,612
AAACGC,1036
CATCAG,1451
TACCGC,691
CGGGGG,41
GCGCGA,319
GGGTAG,51
GCAGAC,324
CAAACA,166
TGTCCT,27
AGTCGT,136
GCTTCT,189
CCTCTC,53
CTTTGC,200
CAGGCA,863
GACCCA,149
ACCTAA,229
GCCACA,243
AATCAC,907
ACGAGC,180
TACGAG,113
ACGGCA,426
GGGCGG,165
GTTTAT,384
TTGGGG,116
GTTCAT,536
AACTAG,17
CACTAG,14
ACTCTG,338
TAGTGT,44
TACATT,259
GTCATG,420
GGTGAT,1160
AGTCCT,32
AACGCC,1174
GGGCAG,523
GTTACT,246
GCTACA,104
AATCCG,472
ATATGG,89
GCCAGT,704
TGTTGT,96
CCAGCA,243
AAATCG,345
TACCAG,765
CTTCTT,199
CCACTT,160
GACAAT,708
TAACGC,504
GTCAAC,522
TCATTG,145
ACCAAT,1040
TAAAAG,104
GCTGTA,448
ATTACA,161
CTAAGC,61
GCTTAA,332
GAGAGC,225
GGAAAG,380
CTCCGT,122
GTAGCG,484
ACAGGG,87
TTACAT,139
GCTATG,216
CGCCCT,100
TTGGCC,112
AGAGAT,250
GCGCAT,723
CGACAT,257
CGAATC,170
ATTCCG,445
TGCTGG,245
GGTCAC,567
TTAGAG,76
GTCCTC,117
GAGGCA,192
GGTGCT,391
CCCGAA,183
GGTACG,631
CTGCCT,262
TTTACC,1495
TGTGAT,168
ATCCGG,605
TTGATA,304
AGGACA,29
TGGAAT,309
TTGTAG,124
AGCAGC,450
CTGTTT,1484
ATTGCC,1445
CCTATG,38
CGCACA,226
AGCTGC,259
TTATTC,200
AAGCAT,304
CTTCCA,137
ATATTG,279
GTGACC,603
AACACT,175
GACCTA,17
ACTATG,119
TCCACG,181
GGGGTC,93
TTGTGA,117
CTGCTA,155
CTGCTT,695
TCGTGA,35
GGAAGG,122
CGTGTC,267
TAGACC,25
TAATCT,38
AAGGGC,218
TTTGTA,352
ATAATT,251
GATTGT,144
CCGTAC,160
GAGACA,105
GGACTT,132
GATAAA,1479
TGAGGT,88
GCTCAA,184
TGGTTC,274
TTGGTT,239
TAGTGG,47
TGCAAT,314
TAGAGG,13
GAGGGG,119
GAATGA,96
CTGCAC,772
TCTTGG,36
CTCCGA,42
ATTGCT,709
CTGGCA,1560
GCAACC,456
CAGTTG,1142
ACGTAC,251
ATCAAA,1154
GACTAA,152
ACGGGG,135
ACGTTT,575
TTAATA,85
AACTAC,313
ATGTTA,183
CGTCGC,722
CGTAAC,488
CATATA,263
CTTGCG,375
GTGCAG,775
CGGTCA,20
GCCCCG,174
GGAGCC,196
ATACAA,169
AAGCCT,88
ACCCCA,203
TTTATA,352
TCAGTG,116
CTTGGG,112
GTTCGC,446
TGCACG,213
ATGGCG,1145
TTACTT,222
GCGGAG,285
GGATCG,105
GAACCA,297
AGGCAT,178
CATTAT,228
AACTAA,116
AAAACA,367
CTTCAT,403
TTCCCA,369
AAGCAC,292
ACTCCC,89
TGGGGA,200
CTTCGA,66
TAGTAG,27
GCCTGC,684
CCAGGG,181
AAATCA,190
GAGTTC,463
GTCTAT,207
TCAGCC,144
GCGAAT,787
CGGCAC,572
CGAGGT,156
CTCAGT,189
CCGGGA,169
TTGAGT,201
CCCCCC,49
AGCCCA,164
TATTAC,277
GGCCGA,81
GTACCT,58
TCCCGG,192
CGTCCG,352
CCACAA,348
TTGAAC,178
GGCTTA,173
CACTTT,909
AGACAT,213
CCTACG,44
CATCCA,399
CACCGC,1044
CGTTCG,144
GTCGGT,808
AGCGAC,479
AAGATC,405
TACGCC,733
CTCATA,172
CAGGAT,1158
AACTGT,150
ACACTT,115
GGGAGT,107
GAAACC,1015
TTTTTG,773
TTTCGG,553
GTGACA,162
CCGCGC,535
GCAGTT,269
ACCTGA,114
CAGACT,415
AATGAA,662
GAGACT,93
CCCGGT,448
CCGGTA,392
GAGGTG,259
GCAGAG,438
GGTACC,319
CTGCAA,1276
CCAATT,134
ATGTGC,247
TCTAGT,8
TTAGTA,60
AGCGGA,245
GCACGA,75
TGTACC,200
TCTTGT,44
ATGCCT,172
AAGGGA,103
TTCTAA,122
ATATTC,452
CGCTTA,148
GTCTCC,163
TAAAAC,157
ATGGTA,255
GAGCGC,597
GAAACT,309
ATGCGC,748
GACTGA,76
GCTTAC,297
GATACG,570
CAAACC,591
TTAGCA,100
GGGATG,472
GAGCCG,316
ATTGAC,591
CGCCAC,1172
GAAATC,1223
ACCAAG,294
ATTCCA,325
GCAAAT,348
TACCGT,390
GAATGT,160
ATGGAA,779
CGCTGT,239
GCAATA,193
TAGCCT,10
ATGGTG,711
GTTTGG,161
TGTCGC,259
ACAAGA,51
GTATCT,73
AGTAGT,101
ACCCTC,229
GCGGGG,276
GAGATC,774
CCGGTT,449
CTCTCA,92
CCGAAG,160
GGAAAT,396
CTAAAT,73
AGAGCG,118
CAGCGT,2000
GTCTAA,55
GTAATC,557
AATATC,1335
CCCTAC,117
ATAACG,497
TGCCTG,896
TGGTCA,115
ACATTG,185
AAGCGC,503
CTGGCC,762
CGGCTA,41
CTTGCC,585
CTAAAC,70
TCAAGG,15
GTAATG,422
TCAAAC,66
GCTTTA,131
ACTTCT,99
TCTTTG,106
AGATCG,24
GGATAT,160
CATCAT,838
CTGATA,719
CAGTCA,153
AGTGTA,118
CCCCGT,143
ATGGGC,714
ATGGGT,432
ATTTAC,367
ACAGTT,139
TAGTTA,7
GCGTAT,220
CAGAGA,316
TTCTTC,1476
ACTCAT,331
ACTATA,50
TACACC,500
AAGCCA,249
AACTAT,281
CCACTC,303
TGAGAC,63
CGTCAC,556
AGTCAT,263
TTTCTT,587
GCTATA,164
AATTTG,492
ATTTAT,435
GTTCTC,358
GAGATT,529
CAATTG,294
CTCGGG,154
CGCTAT,423
GCGAGT,196
CAAATG,380
CCAAGA,12
GGGCCC,15
CACTGT,158
AGGTTG,141
AGTCCG,101
GAACGA,173
TGGATG,410
CATCTC,612
TTCAAG,402
AGAGGC,224
AATGTC,550
TTCTGG,774
ACCGAT,1104
AACGTT,590
TTATTA,276
CTACGA,34
CCTGAC,216
GTTATC,1149
GATATA,389
AATGCC,1196
TCAGAC,71
GGGTTA,193
ATAGTC,249
AAAGAC,691
CAAGAC,105
TTAGAC,57
ACACGC,144
TATGCA,158
TCGAAA,197
CGAAAC,204
CCGTAA,88
AGGGTT,112
GTGTTC,445
GGCATA,428
CTGGAA,2241
AACCGA,164
ATAAAA,461
AGCCAA,175
AAGGCG,315
AACTCA,89
TTTACT,458
GGTGGG,223
AGCGAA,709
GGGCAC,133
ATGGCC,371
AGGAGC,52
TTCTCT,213
GAAGTT,771
TGGTTT,523
GTACTG,802
CTGATT,1493
ACTGGG,75
GTTCCC,148
CTCGCA,176
GATCTG,1124
TAGGAC,3
CTGGTT,1139
CGTAGG,41
GACGGC,760
CCCCGC,335
TAGGAT,8
GCTAGG,10
GTCGGG,267
AACAAC,597
CAGGCG,1778
CAGTGT,291
TATGCT,149
AGAAAA,262
TAATCC,196
CGAACG,160
GCCCCA,311
CCGCTC,369
TCATTA,172
GGATGA,63
ATTTCT,281
CGCCCC,378
GCGAAC,479
CTGCCC,547
TCTTTC,147
CAACAT,557
GACGCA,266
CGTAAT,529
GTCATT,662
CCTATT,85
TCATCA,102
CCGAAA,493
TGCTCG,69
ACCACT,365
GCTGCC,842
GCAAGA,82
AAATTT,582
AAGCTT,164
GTGAGA,120
CGGGCT,286
GGACAG,177
AGTGCT,157
GCTAGT,19
GACTTG,120
GCTGCG,731
ACGACA,117
AGTATT,306
AGAGCT,56
CGAGGC,195
GCTGGG,192
GGTTTG,567
AGGTTT,168
GCGGAC,303
TCCCCG,108
CAGTAC,769
CCTGGT,156
TTATAA,33
ACTTGG,32
TATCCA,170
TGGCTG,1096
GATTGA,90
AGGAGG,25
CAACGG,345
TCGGCC,83
CGAGTC,92
AGCAGA,161
TTCCTA,5
TATCCG,362
TGGATT,389
GGTACA,245
CGATAT,75
CCAGTA,359
TTCACG,921
GCGCAC,659
TCCAAA,124
CTCACG,382
CGCCTA,13
CAACTC,425
TATCTT,220
AACACA,119
AGTAGC,167
AAGAGT,117
TTGTAA,203
CCGGGC,419
TGTGCT,111
GAGAAT,521
ATTTGG,171
GCGATC,833
TTCCTC,522
TGCCGG,475
GACGAT,907
ATAGCG,432
GTCGTT,575
TAGGAA,9
CGCTGC,549
GGAGGT,168
CCGACC,290
TCCTTG,106
ACGCCC,380
CCAGAT,567
GAGTTA,233
TTCGCG,823
GCCGCG,885
CGATCT,21
CGAAAT,229
TCACCG,185
ACTGAC,487
CTCCGC,322
GGAGTT,196
AATGGG,181
GGGTAT,135
TGTTTG,150
TGTCCG,119
TCTTAA,47
GGTTAA,419
GCCTCG,193
ACTCAG,377
TCCATC,292
TAACTT,94
ACGGAC,198
TAGAGT,28
CAACCG,358
CAGGGG,412
GCTCCC,99
CGGCCG,27
CTCGTG,145
GTACTC,256
TCACGT,90
ATCCCG,489
AAAAGT,316
TACGCA,179
AAGCGT,487
TGATTA,10
TATCAT,203
GCAGGC,655
CGACGA,69
ACAAGT,45
AGGGAC,57
GTGGTA,329
GGTAGT,238
TAAATA,177
CAAAAC,402
GACCAC,451
CTCATC,675
ATGGAG,279
ATCATC,1186
TTTATG,777
TGGGAG,110
CCGTTT,467
GCCAAT,1233
CCAGTG,373
AAACTG,1498
AATCCC,455
TGACTA,9
TGCACA,102
AACGCG,687
CCAACT,120
TGGACG,237
GGACAA,158
AAAATG,745
GCTCCA,208
ATCCTC,526
GGAGAT,382
ACTGTT,310
CCCGAC,292
CCCACG,142
GTTTGT,140
TCTTGA,26
CTCGGT,553
TCCGAC,208
AAAATA,423
TAGTTC,81
GCATAG,24
TCTATA,35
AAAGCA,578
TGCAGT,159
GTCGCT,464
TAACCT,13
GCTATC,633
ATAAGG,203
ACCGGT,1130
GCTGGT,716
AGCCGC,554
GCACGG,137
ACGGAT,494
CGCCGT,721
ACATTT,217
CCTGCG,290
TAAGGC,145
GTCCTG,484
GTAGAT,414
AGGATT,142
CGACAA,202
GACAGC,607
TATGTG,206
GGCCCA,175
GGCGAG,749
AGTGAA,518
GGGGTG,172
GATGAA,1334
GACACA,138
CAGGAC,523
ATTGGT,950
AAGTTA,101
TTGACA,71
GGTTCC,288
CCGTGG,409
TGGGGC,314
CTGCGG,776
TTGGAA,80
TTCCCG,639
CGGAAT,527
TAAAGT,85
CTATGC,24
ACCGCG,733
CAGTGG,580
CATTAG,78
CTAGTG,14
CACCGG,670
GTCCCT,65
GCCACT,349
ACATCT,46
TTTCGT,324
TCCTCG,64
CGTCTT,232
TTCTGT,299
TACCAA,111
GCCAAG,403
TAAAGA,93
ATTGAA,1104
GCTTCC,224
GTCTCT,117
GAGCCC,45
CGCATT,829
CTTCCG,140
GAAGCT,530
AATAAT,1004
TTAGCG,234
CGGGTG,361
TGATCT,10
GCTAGC,53
ACGTCC,210
CAGTGA,317
CGTATG,358
CGGCTG,793
GCGGTG,996
CTTCTA,19
CCCAAT,188
GACTCG,106
CAGACC,1179
GTGGTC,448
AGTGGG,92
GAACTT,334
CCTCGG,18
CACAAC,365
ACTGAA,467
CACGCA,229
CCGCTT,243
GAACCG,457
AGCCAT,500
ATCCTA,15
GCTACG,290
ACAGAG,157
AGCGCC,756
GTATGC,88
GGAGGC,228
GTTGCC,993
CTCTAT,271
ATATGT,60
TGGTCG,176
AGGGCG,99
AGTACA,84
CCGAGC,113
CAAGAT,178
CTAGCC,22
CTGCCG,1050
GGCCGC,384
GTTCTA,22
GTAAGT,184
GGGGCT,111
ATCGTT,896
TGTAGT,65
CTGGTG,1902
GGAGCA,136
CCAGCG,606
CCTTAA,29
CTCTTA,28
TATCGT,275
GATAAC,1114
CCATAG,66
TACCAC,361
TCTCCA,50
CGCAAC,584
TCGGCG,257
TTCCGG,1088
AATTCT,112
ACCCTA,39
AGTATC,287
ATTGGG,183
ACAATA,80
AAATGG,329
CATTTA,160
ACGCCT,174
AGATGA,56
GACCTG,762
GTGATA,312
TTGGAG,48
CCCTCG,53
GTTATT,693
CCAACG,277
TTTGTG,496
TGATAC,56
CCTTAG,8
ACGTAT,115
ATGTGG,271
TTTGAC,618
CCGGCC,134
AACCCT,103
AAACAG,1423
ACCCAG,898
GCGAGG,82
GAAGGA,294
ACCAGT,396
GCCCAG,1168
AGTCTA,17
TAAGAA,64
CAAGGC,319
TGCATC,391
TCGAGT,32
GCGCCT,128
TGCGGC,609
CACTTC,1187
GTTAGA,161
TGTGCC,236
CTGGGC,1090
GGCCCC,148
TCAAAG,52
AAAGCG,1369
AATACA,218
CCAGAA,732
ACTTCA,74
TTTCCT,112
GATGGA,300
CTTTTG,234
CCCCAC,223
GACCTT,206
GCATTC,320
AACTCC,171
GGACCA,95
GAAGTA,436
CAAACT,230
GATTTA,418
GTTGGG,183
TGGCGG,350
ACACAA,177
TCTAAC,138
GAGAGG,47
AGGTTC,172
GTTGAC,487
TGAAGC,138
CGTGCC,518
ATTTAA,239
CGTTGA,127
GTCGAC,324
TAGGTA,11
GCGCAG,1687
AGGGGT,67
GAAGAA,1436
CTGTCT,178
CAGCGA,866
CAACGC,759
TACGCT,271
TCACCC,70
TATTCA,102
TCACTC,96
TTGCCG,459
ACCGAG,597
CGGTGA,173
ACGTTA,221
TTACCT,154
TTACGA,42
GTGCTG,1626
TAGTAC,31
CCATTC,398
TGAAGA,106
GTTGTG,341
CAGGGT,790
CATCCG,552
TGCAGC,346
GGTAAC,671
CCCATC,216
GATTGC,420
CAGACG,1248
GAATGC,307
TCCTAC,109
AATTTT,762
TCGTAG,23
TGTAAT,167
TGGAAA,334
ATGCAC,376
ACGGCT,400
TACATA,103
GATACA,183
CTGCCA,872
ATCGTC,910
ACCAGG,170
TAGAAT,21
GGCCTA,17
AACTGA,77
CCAGGT,588
GCTACT,161
TATAAT,130
TCTCGT,100
GTAATT,342
CCTCTG,111
CCCAAC,205
TGCCTA,6
GAGGTA,154
GCGCCC,317
GCCGTC,743
TCACCT,63
CGCCTG,1854
GATATC,1711
CGGTCG,60
GCGGAT,908
AATCCT,129
CTGTTC,1306
CTTTGG,112
TTTAAC,764
ATCGCT,854
AGCTTT,452
CCGGTC,257
GTCCGG,366
AAAGAA,1196
CCTGAA,357
GTCGAA,574
TGCTGC,400
CGAAGC,156
CCTTAT,153
GTTAAG,365
CGTTAG,58
CTCCTG,500
GACCAG,870
GCAGTG,346
TAACTC,209
CTCAAC,727
TGTACA,53
CAATGT,184
TCTATC,162
AGGGTG,70
GTGACT,214
CTAATA,21
AAATAT,464
TACTTA,48
GTAATA,270
CGGTGT,185
TTGTCC,150
TAGCAG,128
TGTCTT,91
TGAACT,69
TGTCTC,95
CCAGTC,605
ACTCTC,187
TTTGAT,1159
CCGGCA,461
TGCCCT,49
CTGAAG,491
GCGATA,560
CGTCGT,426
ACTACT,91
ACCGTC,726
CTCTAA,56
TACGTC,254
CTCGCC,796
CAGGGA,386
CCAGGC,737
GGATCC,25
AGCTAA,94
ATTTGA,76
TCGACC,124
GGATCA,46
ATGAAA,854
CCAAAA,267
GAGTAA,210
CTGGCG,3045
ATCAAG,661
AATAGC,476
ACACAT,128
TAGATT,39
CGGCAA,500
TAACTA,8
GCGTTG,700
GAGACG,299
GGAATC,226
AAAGTT,590
CGATTT,299
ACCGTT,942
GGTATG,555
CTATCT,25
GGCAAG,569
TAGACG,23
TTACAG,363
TGCCAG,1561
ACGCAG,1248
ATTGTC,688
CAGAGG,132
GTAAAC,379
CGTCAA,231
ATACAG,449
TGGCTT,253
CAAAGT,209
CGGATC,623
GACGAA,699
GCGATT,1045
TGATTC,156
GTCAGT,430
TATGCG,317
TGTGGG,79
ATACGT,118
ATTCGG,237
GATGGG,202
CGGGAA,698
ATATAG,40
TGTAAC,116
TACCCA,216
AGGAAT,234
TTTGCA,274
GGATTG,228
ATTAAT,748
CGACAG,338
TAGGAG,3
TCCATA,87
AAGCCC,214
GTAGTT,376
TAAGAC,51
CGAACA,79
ACCATC,1007
TAGTCA,8
CCGTCC,130
ACTACA,48
CGCGTG,613
TTCCAA,66
GCTAAT,408
GGCACA,220
CTCTGT,148
AACCAC,629
TCTGGC,410
GGTCGG,285
CACAGG,107
TAGGTG,4
ACCCGA,132
CGCACG,516
GGAATT,235
AGGCGC,168
AGGGCA,74
GAAATA,405
CCCCAT,365
CTTATC,464
GCCTCA,121
CTCGTC,329
CGGTTG,397
ATCGGT,1094
CTACAT,69
TTTGCC,1679
TTCATT,709
ATTTTG,576
TCGCCA,223
ATCCTT,278
CGACTA,29
GTACGT,224
TTGCAA,457
ATTCCC,286
TGACCA,129
GCATGT,70
TCCGTT,205
CTAAGT,40
ACTAAT,169
CTTTCC,347
CGGCCC,237
CGCCCA,411
ATTGTA,173
ACTGCG,403
ACCATG,536
CCCATA,77
GACTTC,655
GAAGCG,1398
TAGTTG,50
CCACTA,36
CCATAA,145
TAGCTT,49
ATGATG,783
GAGCTC,84
TCAGGC,162
GCGGTA,741
AATTGA,127
ATTTCA,159
ATCTGC,502
GTGGAC,191
CTCAGC,346
TTCAAA,871
GACTCC,168
TCTCTA,21
CGATAA,154
ATAACA,119
TCCAAC,164
CTCCTC,172
TAAGGG,37
TATAAA,353
ATTTCG,229
ACAAAA,225
TGGTGT,199
TGCGTT,246
TTCGGG,164
CAGTAG,190
GACTCT,92
CATCGG,526
CCAATC,132
CATCTA,43
GTTCGA,89
GAAGTG,1074
ATTGAG,698
AAATGC,431
TGACCG,25
ACGGTC,423
CTCTAG,7
TGTAGC,88
TCACCA,88
GGGAAA,321
ACGAAC,250
GGGCCT,44
GTCCGC,322
TGGTAC,193
ACTCAA,200
AATATA,310
GGGCAA,453
TACAAA,366
CGAAGA,83
TCCAGA,70
AACAAG,252
CATGTG,245
GTTGCG,585
TCTCCT,56
TAACTG,313
TCGGGG,63
GGCTGC,407
AACTCT,112
AATATG,652
ATTCTA,35
AAGGAC,100
TAAGAG,27
TCCTAT,73
AAATCT,167
TTGTTC,748
TAGAGC,22
GCCATG,500
GACCGC,569
CCGTTC,453
ACTAAC,222
ACCGTA,541
TGTGGA,72
CTGGCT,1205
TGAGAG,85
GGTAAG,402
CTCGAT,688
AGCTTC,532
CAATAG,74
ATGCCA,405
ACACAC,87
CCGGGT,339
ACTACC,211
TCACAT,65
AGACGG,110
GGGCGT,346
ACAGAC,156
TAGCGC,249
GATTAC,536
GGCGAC,854
TGCTTA,40
CTCATT,361
ATCATA,207
TCTGAC,254
GTGTCA,74
GTAGTC,289
TCCCGC,368
CTATTC,43
TTCTTG,279
AAACTT,368
CACCAT,759
GTATGA,44
TACGGA,127
GACTGC,233
TAGAAA,22
ATGTCA,148
AGTTAA,139
TACGAC,333
CCGCTG,1431
CTGTAG,101
TTAGTC,110
CTAGTA,6
TGGGAT,417
TTACTG,606
GCCCTC,238
TGAGTT,91
GACCAA,142
ATCACC,1171
ATACTA,17
AGTTTT,398
TAGTGA,40
TCTAAA,105
GTTGGA,191
TCTGTT,192
ATGCTT,314
TGACTT,57
CAGTCC,364
ACGAGG,63
AGACCG,31
CACCAA,194
GTGCAT,416
CGCAAG,337
GGATTT,405
AATTCC,252
GTTTAA,133
CATCAC,968
ACAATT,135
GGTGGT,946
TGACGC,111
TTTCGC,1059
ACATTA,162
TATTTT,397
CATTCG,156
GACGTT,637
AAACTA,72
GCTCCT,56
GTGATT,864
AACGCA,252
CCCACT,90
TGGTGC,263
ATACCA,235
TACATC,404
TTTTAG,139
GTGAAT,556
TGTGGC,243
TGTTGG,114
ATCTTC,1267
CACGAT,540
ATCGAC,1244
TTGCTG,1670
CCGGTG,581
CTGTAT,407
GGAATG,291
AATGCG,809
TTCGGA,135
ATTAGT,176
CGCCAG,3239
GTAAAA,532
TAAGGT,174
ATTGTT,695
CACCAG,1930
CTTCGT,133
TAATAG,72
AGTTAT,203
AAATAA,309
CCAGAG,287
AAGCTG,880
TCGGTT,154
GGACGC,218
AACCCG,568
TTAGAA,130
TCTCGA,10
GACTTT,588
GTCAGC,823
CAAAAG,222
GTCGCC,930
CGACGC,200
TTCCTG,1344
AACGTA,290
GCGTGT,140
CGGATA,413
CCCCTA,4
CTGGTC,906
TCGCGC,334
ATAATA,184
TGAGCT,39
TTCGGT,855
TTTAAT,930
TTATGG,160
GTGACG,501
TATCGC,505
GATGTG,739
CACGTT,486
ATACTC,256
GTCGGA,203
GTAAGA,127
GCACGT,203
CTTTTA,101
AAAGCT,439
GGAGCT,113
ATCGTA,405
TCTCAA,69
TATTCT,103
AGTGTT,176
CGGAAC,312
TCGCTA,84
CACGTC,427
CGATCC,103
CAGCAA,1704
CTCGTA,135
GGTAGC,398
CGGGGC,197
CCGACT,155
CGTGAG,369
CGCGGA,231
AGCCAG,1201
TAACCG,85
AGTAGG,32
CAATGC,373
TGGGGT,202
TGCACC,389
ACGTCG,141
CAACCT,138
GAGTGA,97
CCATGG,105
CACCAC,1114
TGCCCG,312
GTCCGA,49
TAGCGG,138
TTGATG,538
CCAAGT,34
CGCGAC,701
GAAACG,752
TCACGC,135
GGAGAG,304
TAATAA,218
CAGTGC,889
TCTCAG,130
CACAAG,102
CAATTA,168
ACGGCC,263
CCTAAC,86
CACCGA,287
TTCGTG,330
CGAGAG,131
GCCATC,1170
CCTGTG,99
CGGCGA,245
CCTCCT,34
GGGCCA,174
TCCGCA,178
AGAACG,198
TCGTAT,59
ATCAAC,1234
GGTGGA,319
TTTCTG,807
CAGGCC,1195
ACGAAG,125
AGCGAT,850
GAAGCA,576
CTAATC,66
GGTCTC,52
TAGGCC,18
GCGTGA,136
TAAGTC,93
TGACCT,14
GGTGCG,772
AAGATT,365
TAACAT,222
GTTCGG,294
TAAAGC,126
TTGAGC,231
GTCCGT,202
TCTGGT,307
AGAACT,70
ATTAAG,464
GGTCCC,64
TCCGAA,168
AGATTG,118
CTTATG,136
AGGCTC,110
TTCGTT,730
AGGTGT,71
CACACC,564
TTGCGC,923
TGCAAG,129
CGTAGA,71
GCGGTT,763
ATAGAT,294
GCATTG,369
TTGAAA,304
CGAGAT,155
TCCAGG,62
ATAGGA,63
ATTAGC,383
GGTGCC,866
AACCCC,168
TCATAA,33
TGAACC,172
GTGTAG,37
CCAGCC,749
TGGTAT,210
TATCTA,39
AAGGCT,158
AGGATC,199
TACTGG,343
CCGCAT,333
ATGTAG,57
CCAAAT,185
GTATAT,83
TTGCTT,388
GCAGGA,237
GGACCG,97
TGTCCA,87
CACTAT,208
GGACCT,21
TCAGTT,93
TCCTTA,60
CGGGAG,135
CTAGTC,14
GGCCTT,222
AATGGT,895
GTTTCT,282
ACAACT,80
GGCCGG,140
GCCTGA,167
AATTTC,869
TTGTGC,381
GAATCA,173
TACTGT,118
TCGCAG,287
TTTAGT,253
GCGCTA,239
CCGTGT,51
TCAGGA,111
AAAGCC,1229
GATATT,1259
GTATAG,27
CCGGCG,544
GCGGCT,509
TTCAGG,344
CCCAGG,60
TCGGCA,172
TGAATA,104
GGGAAG,143
GCGTCG,220
AGTGAT,474
CCATCA,71
TCATAC,30
ATCTTA,72
TTTAGC,519
GCACTA,96
TGGGTA,183
GGATGC,128
GCCTTG,284
GGGTCC,32
ATCTCA,77
ACGACG,489
TCTCGG,24
CAGCAG,2792
CTTAGG,28
TGGTGA,96
GCTAAC,431
CCGTGC,153
ACCTGT,239
TGAATT,86
ACCGAC,816
ACTAGT,15
CACGGA,162
AGGAAG,94
CCTCTT,52
GATAAT,991
CGCCAA,241
ACTCTA,13
TATACC,367
CATAAT,530
ATCGGA,239
AACACC,669
CTCAAG,360
TCTCAT,109
GTGAAG,347
GATCTA,54
ACTGCA,171
AGTGCC,353
AAGTAT,136
GATGTT,774
GGGACT,88
CATCTT,335
CGATTC,194
CACGGC,618
TTGATT,637
ACCATA,285
AAGAAG,176
TTCTCG,253
ACAGAT,232
CGAAGG,68
AGATCT,23
ATTATT,975
TAAGCT,62
TCGCTC,206
TCCTCA,42
TACTAA,52
AACGAA,675
CATCGT,385
GTGTCC,85
CATGTC,342
CTAACT,26
GCCGGC,138
CTCAGA,77
TTTATT,1180
CGCCTC,429
TTCAGT,533
TTCCAG,2198
GTGTGT,88
GAGGTT,298
AGACAA,101
ACTCTT,134
GGTATT,980
CAAGGG,173
TGAGGA,50
TAGACA,9
GTGTGG,208
CCACTG,646
CGATAG,39
GGACCC,24
TCCCTG,364
TACTTG,76
ACACCG,220
TCCCCT,52
TAACGG,278
ACGAAA,302
TGTTCT,90
TTCAGC,1059
TACTTC,413
CCATCT,48
TCTACA,42
TACCCG,295
AGCACG,294
TCAAGC,41
GGAAAC,320
ACTTAC,205
AGTGTC,186
CCCGGC,626
CCCCTC,96
CACCCG,375
CGCGAG,466
AGGCAG,308
CAGCGC,2813
CGGCCA,273
GATTTC,1160
TCAAAA,154
TCTCCG,121
CAACTT,298
ACACGG,66
CCACAC,235
AAGCGA,183
GCAGAT,498
AAGACT,98
GTATCA,71
AACGTG,516
AAGACC,216
ATATAT,99
CTCTCG,124
GCGCTC,668
GGTCTG,1130
GACACG,277
AAGAAC,263
TATAAC,293
ATGCAA,429
TAGGTT,21
CCGCAA,492
CTGGGA,358
CACGAC,392
TGCACT,140
TTGTTA,208
CCCGTC,245
AGTCTG,376
ATAGCA,146
TAAAAA,254
CCAACA,111
GAGAGT,168
TGGACC,163
TGGCCT,89
GTCCAG,648
AGGGTC,64
TGCAGG,160
ACGATG,372
GTTCCA,264
CTATGG,66
ATCTGG,498
CAGATG,896
GCTTCA,106
ATATCC,165
GCTCTT,170
CGATTG,142
TTTACA,169
TTGGCT,180
AATCGG,434
GCCAGC,1150
TTCACT,540
ACGGTG,495
AGTAGA,66
CGACCG,69
TCCCCC,87
TGCTCC,125
CATTGA,185
GCTGTC,604
GCGGGT,885
GCCATA,390
TTTTCT,260
TCCTTT,255
GAAAGT,429
GTCTTT,767
CACAGT,165
TCCACC,332
GTTTTC,985
GAGGAA,533
TACAGC,427
CAGGTT,1228
AATTGT,142
CAGCTT,913
GCACAT,198
CGTCTG,1192
GGGAAC,141
AGGCAC,146
CTACCT,52
ACCCGT,475
GGTTGG,327
CGTATA,152
CGACTT,130
GTGAGC,311
CAATTT,364
GAACGT,601
AGCTAG,12
AGACAC,80
TTGGGT,242
ACCTCG,172
CGGGGA,142
ATAGGT,273
GACAGT,339
TGATGC,95
AATGAG,349
CCACAT,260
TGTATT,217
AGTTCC,121
CCACGG,369
CGGGCG,544
AAAAAG,464
CATGAC,388
GCAGTA,271
TAGAGA,14
ACAGAA,271
CCGGAG,327
AGGCCT,9
AGCGGC,788
CGGGAC,122
TGAGGC,93
TTTGGA,143
ACACAG,267
ACGCAT,573
TGTCTG,296
CGACGG,152
CATAGG,41
GTATGG,149
GGCTTT,1196
GGACGT,180
TGCTAC,188
CTACAC,47
TCGGAT,96
ACGTTG,535
AGGACT,36
AGGCTG,227
GCATGG,255
GACAGG,169
GAGTAC,246
TAAGCA,29
GGCCAC,254
CTTTGA,38
TACGTT,268
GGTGAA,1180
CTACTA,17
TCGAGG,14
TCCCAA,95
AGCGTA,264
CCCTCT,50
CAAGGT,313
GTTATA,316
CTCGAG,136
AAATAG,92
AAGGAA,250
GCATGA,52
CCGACG,324
AGGCTT,100
GTCAAA,622
ATGTCT,189
CGCGGT,736
ATAGTA,137
TCGACA,59
ATGCCC,290
ACCGCA,500
ATGTTT,554
TAATCA,11
AATCGA,248
CTCACA,120
CAAGAG,174
ATTCGA,96
ACAGGC,361
ATGACC,774
AGCGTC,395
ATCCAG,1645
AAGGAT,287
CTTGTC,254
AACGGA,250
GTGGGC,386
CACCCC,193
GGTATC,1026
ACTAGA,5
ATTACC,835
ACTAGC,18
AAGAGA,81
GTAGTA,262
CAAACG,472
AAATTG,410
CCTTTC,127
TCATCT,65
TTACCC,179
TGTTAC,121
CATTTG,432
CAGTTA,322
TGATTG,94
CAAGTA,76
GGACTC,133
AATTGG,134
GGTGTT,678
GACGCT,432
CGGTGG,150
TGTGTC,117
AATTTA,201
GATCAC,701
GGGGGA,74
GTTGTT,608
TTGTAC,202
GGCGTG,1110
AGTGCG,286
GTCTGC,300
TTCTCC,397
GGCCAG,793
CTAGCT,11
GGTCAT,821
AATCAG,1440
CTCGAA,370
GGATGG,127
TCTTGC,73
TCCTAA,59
AGTTAG,30
TCTGGG,36
TTAAAT,241
CCGCCC,141
CCCTGT,116
CCTAGC,8
GTAGAC,208
CGTCGA,128
ATTACG,555
CGATAC,131
GCAGCT,271
CCCGGG,67
CAGAAC,672
GATCAA,466
GACACT,137
GTCTTG,100
GCTCGC,307
TCAGCT,61
GTCATC,862
ATATTA,69
TCGCTG,919
AGATTC,185
CTGTAC,480
CTAAAG,38
CTGAGC,477
TATTCG,105
GATGTA,419
ACCTGC,570
TTCACA,241
GTTGTC,510
CACGGG,166
GTGTGC,167
GATGCG,1072
CGTGAA,852
GCCTCT,176
AGTCAC,230
TTATTG,297
CCAGCT,344
AGCGCG,447
CAGAAA,809
ATGCCG,497
AGATTT,198
TCACAG,105
GCTTGT,94
TGAGGG,31
CCGTTG,399
GGTGGC,832
AGGTAG,50
GACCCC,100
GGCTAG,18
GCAGCG,538
TTCGTC,752
ATTCTG,1030
ACTACG,159
GAGTCG,168
TGTATC,208
TGTGTT,144
TCAGTC,84
CAAGTC,125
TTGCGG,547
CGGTAC,290
GAAAGA,188
CGGGCA,314
GATGAG,639
AGAGAA,265
GTCACG,529
ATGAAG,315
CACGTA,210
CTTCCC,140
GTCCTT,102
GTACAT,253
TAGGGC,21
GGCTAC,396
TTAAAC,164
ACCACC,977
CCTGGC,326
AGTAAA,434
CGTGCA,211
TTGGCG,264
CGGAGT,157
CGTTAA,334
ACGGAA,602
CCTCGC,75
AGTGCA,131
TATGTA,80
ACGACT,159
TTATAC,42
TCATTT,190
GGCATC,1232
CCGAAC,221
GCAATC,384
TTTTGT,208
CCGATT,442
GTGATC,749
AGAAGC,175
GAGTTG,435
TACACA,78
ACCGAA,856
TGGACA,76
CTCCCC,151
GCCCGT,533
GATAGC,636
CCCGGA,203
CGAGTT,117
CGAATG,174
ATGCGT,543
TGTGGT,225
AACCCA,291
TGATCA,7
GTCGCG,699
TTTCAG,1592
AATCTC,573
GTCACT,290
AGAAGG,103
AGACGA,49
CCTGTA,89
GATGCC,1181
GGGTGC,90
TGCATA,184
GGCACC,805
GTGGCA,457
CATGAT,555
GTGCGT,509
ATACGG,225
TGCTGT,186
TGAAAT,165
CCTTTG,77
CTATTA,73
CGGAGG,55
CCGTAG,38
CGGAGA,149
GTGCAA,324
AGGACC,56
TATACG,126
GTGGGA,145
GGGGCG,341
GGACTA,25
AAGTAG,54
ACATTC,174
CTATTT,119
TTTCCC,337
TCAAGA,26
CCCTCC,77
CTTTAA,117
CCACGC,404
CGCCGG,575
CGCGCT,436
GCACTC,229
GGGGGC,121
TGGCTA,106
GTGCCA,312
ACCTTC,1036
GACCGG,300
GAAGGT,991
GAGCTT,251
TATGTC,241
TTTCCG,218
CAACGA,222
CAAATT,495
ATAGCC,498
TCCTGA,82
TAGCTC,101
CATGCA,171
TGCCTT,155
AACATC,811
ATTCGC,774
TCAAAT,70
TGTTAT,102
GGAGTC,170
TACAAT,182
GTCGAG,617
ATGAAT,646
AAGCGG,259
AAATGT,209
CGTGTA,147
GGCTCA,89
TTTACG,699
AATTAC,305
TCCAGC,339
AAACCG,613
GGTTGA,138
ACTTTT,328
TGGCAG,905
GTATTG,339
GATCGG,321
CGCGTA,420
GATTCC,203
CGCTTT,1478
AACAAT,699
ACGATC,432
TATACT,82
AGAAAG,302
TCCACA,90
GGGTTG,241
ACGCTA,172
TGTGTG,117
CGGACT,117
TCGCAT,139
GCAGGG,234
AGACTT,90
AACAGG,185
TACGGT,460
AGCCTA,19
GAATAG,51
TTGACC,296
TAGGGG,6
TGATGG,95
GGGGAG,173
GCTGCT,441
GGAGTG,140
TTCTAC,448
GGGGAA,288
TTCGAG,400
TGCTTT,591
GGTGAC,751
CGCCGA,300
ATCACT,456
GGCGAT,1816
TCGTGT,37
GAAGTC,631
TTACTA,42
AGCCTC,217
TATTTG,245
ACGGGA,198
TCAGAT,115
CATTGT,176
ACAAGC,105
CGAAAA,223
CCTACT,31
ACAGTC,102
CTATGA,10
CCCACC,233
GCCGGA,794
TCATGA,48
TTTCAA,340
GCGGAA,1126
CTATCG,35
CAATCT,91
TGAACA,68
TTTTCC,485
ACTGCC,463
AGGGGA,53
ATGCAG,1124
ACGCGG,469
TTGGTA,114
GTCTAC,208
GTAGGG,149
CACATT,381
CTAGTT,15
TGCATT,309
TCTCTC,92
CGACCC,56
AGCATA,160
GCTCTG,484
CAAAGC,341
TCTAAG,35
GCGATG,1159
TCTCTG,247
ACTCCT,37
TAAGGA,41
GCTTGC,214
CCTCAG,80
TATTAG,23
TCGATC,131
AGGGCC,52
ATCTGA,114
TTCAAT,1097
ATTCAG,1247
CCTATA,21
CACACA,112
TCGATA,86
GTCTAG,8
TGGAGT,127
GGCGTC,799
AACTTA,108
AGAGTC,117
GCGTGG,409
TAGAAC,23
GTTGAT,1208
TAGGGT,40
GTTTGA,74
TTCGAA,517
GTTGGT,743
TTGTGT,170
CACTCT,93
CTATCA,26
ACCCAT,420
CCATTA,140
GGAAAA,473
GGTGTC,554
GTGGAG,294
TGAGCG,86
TTAAAA,363
TATTGC,171
CGAGTG,101
GAGCAA,610
AATCTT,380
TTGAGG,41
GAAGAG,1122
CGCAAA,786
CAACAG,849
TGACGG,126
GCTTTT,605
TCTGAT,222
GCACTG,897
CCCGCG,258
GCCCAT,782
CTCCAA,52
ACTCCA,136
CTCCAC,286
TCTTTT,197
ATGACG,652
TCTGTG,97
CTTCAG,487
ATCCAC,666
TACCTT,126
AGGCTA,16
TCTGCC,271
GCAACG,442
AGAGAC,144
TATTAT,185
TACCGG,458
TACACT,108
ATTCTT,386
CTAGGA,3
GCATTT,490
TGCTTC,600
AAAAGA,202
CCGCGT,356
ATACAC,172
CATTGG,192
GACGTG,405
CCATCG,94
CGGCCT,44
GGGTCG,49
TCAATG,193
TGACCC,20
GAAACA,293
AGCACA,117
ATTGCA,344
TACTCA,39
CCGAGA,17
AATCGT,364
ACGTTC,651
TGAGCC,78
CTCCAT,316
AGTCGA,48
CTTGGT,270
GTACAC,119
TAAGTG,57
CTCTTG,166
CTCTTC,1131
GAGGGA,99
CTATAC,20
TATTGT,101
CTACCA,45
GGATCT,34
AAGGCC,203
CCGCGA,125
ACGCAA,565
TTTGTT,847
GTTCCT,129
TGATAA,83
TCTAGC,6
TCAACT,58
CTACGG,34
ACTATT,270
AGATAG,20
ATTCTC,526
TATAGG,18
ATATAC,80
CTACGC,130
TACTTT,337
GTCTCG,88
GATCCC,456
CAGATA,778
CTCCCG,139
GCGCGG,550
ATCCCA,428
GAGAGA,88
CTGCGT,1117
GATCGA,131
ATAGAC,235
CCTGAT,259
GAAGGC,982
CTTCCT,102
GCGACA,212
CCTAAT,50
CAGCTC,1179
GGACAT,241
CAGGTG,887
ATAGAG,253
TATGCC,470
TGGGCT,170
AGTACT,87
TACTGA,98
CAAGCC,304
GCCCCC,152
AGCGCT,152
CACTTG,136
TCGGAA,140
AGCATT,464
TAACGA,122
ATCGGG,313
TTAAGT,232
GGAACA,146
ATTTGT,182
TATCGA,81
AGGAGT,65
TTGCGA,242
AGTGAC,336
ACGTGG,147
ATTTGC,350
AGTAAC,258
CATACA,127
GGTCCG,248
GGGACA,66
TCTAAT,80
GCGAAG,408
TACCGA,158
CCACCC,49
TCAGAG,71
GTGCCC,133
AGTGAG,248
GCTGTG,329
CATAGT,126
TCACTG,346
TCCGGG,180
CTAACA,36
GCACCT,114
TTATTT,386
TATCAG,622
CAGAGT,336
TGGTCT,74
ATCAGT,456
CGCAAT,803
AGATCA,10
TCGCGG,102
GAAAAA,1493
GTGAAC,392
TTGTTT,553
CCTCAC,44
TGCTCA,49
CTTACA,75
GTTGTA,406
CCGCCA,329
CCTTCG,86
TACGTA,100
TAGATG,33
TACACG,178
CAGATC,1208
TGGCTC,227
TGGGCG,430
TTGCCC,489
GTATTC,459
TGCATG,175
CACCCT,75
ATCGCG,1000
TCCGTC,191
ATCCAA,150
CCCACA,68
GGGAGC,94
AAGAGG,52
ACCTAG,17
CTAAGA,11
CCTACC,61
CCTTTA,90
GGGCAT,299
ACGAAT,497
TGGAAG,143
TATATC,375
CCCTGA,64
CGAACC,277
GAGCCT,76
GAGGGC,223
TTTGAA,914
TATCGG,148
AACGGC,969
CCGCCT,104
AAAAGC,559
ATTGGA,139
GATACC,1046
CTCGCG,504
AAATGA,163
GATAGG,94
ATCGCA,365
AAGGTT,259
GAGCGG,346
CGTTAC,422
AGCACT,143
CCGGCT,239
AGCTGG,358
CGTATT,675
TTGTAT,172
CCCCAA,122
GGGATC,455
TCAGTA,70
CTGATG,1413
CGTCAT,566
CCTCGA,8
AGAACC,288
CAGTAT,357
TTTAGA,99
GTGATG,917
CATAAC,385
TTTTAA,386
GTCTCA,56
CTCACT,229
GTTTCC,334
ATGGAC,403
GGCGCG,1222
TTTCTA,18
CAAGTT,154
CCCAAG,120
TGATTT,187
GGATAC,115
CCACCT,47
CTTTTC,432
CGAAAG,175
AATCAT,700
CGTGTT,308
GATATG,807
AGACAG,201
CACAAA,468
AAACCA,520
ATTCAA,322
GGTGTA,541
GCCGAA,910
GACCTC,217
ATATAA,92
CAGCCA,1146
GTGTAC,111
ATCGTG,552
TACCCT,46
GGCCTG,1127
GACTTA,96
GCCGCA,642
AGAATC,140
GAGCGT,645
AAGAAA,594
CTACCC,46
GGCAGT,452
CCTCGT,62
ATGTGT,149
CAGAAT,1039
AAGTCC,91
GATGGT,1020
AGCTCG,78
TGGGGG,111
CGCGCC,1335
AAGTTG,309
CCTGGA,76
ACACGA,30
CAGTCG,396
ATTCAC,498
CTGATC,1171
AAGTCG,107
TGCTAG,13
GGGTTC,172
AGGACG,103
CCCTCA,35
AATAGT,300
GAACGG,484
AGTTCG,115
GCGCGT,805
GTTCAG,953
AGCCTG,984
ATTCAT,655
ACACGT,71
TCAAGT,28
GGGGTT,180
CGTAGC,273
TCCGTA,134
GATTTG,660
CTTGAT,638
GGTTAG,65
GATCTT,420
GGGAAT,288
TATATT,302
ATAAGC,349
CTTGTT,226
TCGCAA,215
ATACGA,58
AGAGGA,79
ATATGA,32
GCCACG,619
CTCGCT,321
ACCTAT,262
TAATTC,294
AGATGC,96
CATACT,217
AGCCTT,191
AGACCA,64
TTAGGC,186
TTAGGT,222
TCGAAC,82
ACCCCG,183
AAGGAG,111
TGTTCG,80
TAAAAT,234
TGTATA,67
CTCGGA,139
TGCTAA,115
AAGCCG,286
AAAAGG,162
GGACGA,77
ATATGC,111
TAAACT,83
GGCCAA,108
CTGGAT,1495
ACAATG,146
AGAGTG,107
TTAAGG,36
CACTCA,55
GCCCCT,75
TCTGCA,126
GAGCAG,1004
ATAAAC,449
CACCCA,298
CAGCCG,658
GAGCAC,377
AGAAAC,320
TCTTAC,125
CCGATC,264
TGGAGA,62
AACGGG,231
